Train_loss,epoch,step
0.649249792098999,0,49
0.47178417444229126,0,99
0.15562158823013306,0,149
0.32056814432144165,0,199
0.3862111568450928,0,249
0.17361021041870117,0,299
0.32886531949043274,0,349
0.5683718919754028,0,399
0.3267015814781189,0,449
0.2021344006061554,0,499
0.4231164753437042,0,549
0.05049000307917595,0,599
0.17322441935539246,0,649
0.5079354047775269,0,699
